{
  "1": {
    "n_completed": 22,
    "duration_s": 29.025190229993314,
    "requests_per_s": 0.7579623019065074,
    "output_tokens_per_s": 93.02264614307136,
    "ttft_ms": {
      "mean": 91.47919581896117,
      "p50": 88.20529349031858,
      "p90": 92.8206569806207,
      "p99": 179.53064700122923
    },
    "tpot_ms": {
      "mean": 10.191737336914896,
      "p50": 10.199408082650812,
      "p90": 10.271262031462864,
      "p99": 10.298367984332584
    },
    "total_ms": {
      "mean": 1332.0806047281208,
      "p50": 1381.6065420105588,
      "p90": 1397.102229995653,
      "p99": 1466.8185430055019
    }
  },
  "4": {
    "n_completed": 38,
    "duration_s": 29.49476572399726,
    "requests_per_s": 1.2883641916532595,
    "output_tokens_per_s": 159.79106408583718,
    "ttft_ms": {
      "mean": 137.3947567887004,
      "p50": 137.80624148785137,
      "p90": 170.40055399411358,
      "p99": 177.60316401836462
    },
    "tpot_ms": {
      "mean": 25.02248837777804,
      "p50": 24.994374535415012,
      "p90": 25.750544787509234,
      "p99": 33.39395468519592
    },
    "total_ms": {
      "mean": 3206.3440402638853,
      "p50": 3292.22044198832,
      "p90": 3384.1362179955468,
      "p99": 3421.489972010022
    }
  },
  "16": {
    "n_completed": 75,
    "duration_s": 29.884180460998323,
    "requests_per_s": 2.5096890342327467,
    "output_tokens_per_s": 313.37650407452895,
    "ttft_ms": {
      "mean": 289.48621744057164,
      "p50": 271.6870230215136,
      "p90": 417.13829900254495,
      "p99": 517.5628419965506
    },
    "tpot_ms": {
      "mean": 49.97438313963649,
      "p50": 49.93306441243364,
      "p90": 50.96242488173981,
      "p99": 69.70011526973803
    },
    "total_ms": {
      "mean": 6471.2559307735255,
      "p50": 6596.3864130026195,
      "p90": 6776.449810015038,
      "p99": 6805.706892017042
    }
  },
  "32": {
    "n_completed": 104,
    "duration_s": 29.626691273995675,
    "requests_per_s": 3.510348119477123,
    "output_tokens_per_s": 432.6504057255554,
    "ttft_ms": {
      "mean": 345.15436171148815,
      "p50": 373.33906200365163,
      "p90": 482.4999579868745,
      "p99": 550.0351800001226
    },
    "tpot_ms": {
      "mean": 61.58687857081763,
      "p50": 60.88523172835754,
      "p90": 61.91931294500058,
      "p99": 86.26131222483943
    },
    "total_ms": {
      "mean": 7836.499664856372,
      "p50": 8054.415173493908,
      "p90": 8133.533619984519,
      "p99": 8191.931640001712
    }
  }
}