{
  "1": {
    "n_completed": 92,
    "duration_s": 29.73087519299588,
    "requests_per_s": 3.0944262287197564,
    "output_tokens_per_s": 383.7088523612498,
    "ttft_ms": {
      "mean": 34.38763544577144,
      "p50": 34.062584993080236,
      "p90": 35.293594002723694,
      "p99": 44.44832701119594
    },
    "tpot_ms": {
      "mean": 2.3698713766735198,
      "p50": 2.3530459645163915,
      "p90": 2.4305188819384718,
      "p99": 3.5597080233517686
    },
    "total_ms": {
      "mean": 325.6056846091625,
      "p50": 331.7365404946031,
      "p90": 342.5844969751779,
      "p99": 360.6216790212784
    }
  },
  "4": {
    "n_completed": 174,
    "duration_s": 29.707619944994804,
    "requests_per_s": 5.857083143051177,
    "output_tokens_per_s": 724.9655152407655,
    "ttft_ms": {
      "mean": 50.86643439627269,
      "p50": 41.72341349476483,
      "p90": 73.5552060068585,
      "p99": 115.23667900473811
    },
    "tpot_ms": {
      "mean": 5.1583376431221115,
      "p50": 5.145420047283121,
      "p90": 5.299723834783851,
      "p99": 8.343026849979651
    },
    "total_ms": {
      "mean": 682.6123584086281,
      "p50": 698.4334779990604,
      "p90": 730.4863369790837,
      "p99": 762.315216998104
    }
  },
  "16": {
    "n_completed": 393,
    "duration_s": 29.98164431701298,
    "requests_per_s": 13.10802022212616,
    "output_tokens_per_s": 1625.3611538026207,
    "ttft_ms": {
      "mean": 97.16440226989928,
      "p50": 73.02465598331764,
      "p90": 214.43023800384253,
      "p99": 316.5704669954721
    },
    "tpot_ms": {
      "mean": 9.277094060170226,
      "p50": 9.20866926770848,
      "p90": 9.344289385929967,
      "p99": 14.44129188748775
    },
    "total_ms": {
      "mean": 1234.350589734876,
      "p50": 1239.3012559914496,
      "p90": 1322.0526950026397,
      "p99": 1469.6176089928485
    }
  },
  "32": {
    "n_completed": 648,
    "duration_s": 29.950093142018886,
    "requests_per_s": 21.63599281402166,
    "output_tokens_per_s": 2705.8680457424834,
    "ttft_ms": {
      "mean": 112.2475513970759,
      "p50": 105.45243350497913,
      "p90": 181.730106996838,
      "p99": 225.977744004922
    },
    "tpot_ms": {
      "mean": 11.061610803425177,
      "p50": 10.973029267629535,
      "p90": 11.078456708681072,
      "p99": 15.134190956834123
    },
    "total_ms": {
      "mean": 1480.7567874437761,
      "p50": 1496.131282488932,
      "p90": 1568.7739659915678,
      "p99": 1623.399949981831
    }
  }
}