{
    "avg_latency": 0.06695090866608856,
    "latencies": [
        0.06665980999241583,
        0.06642109499080107,
        0.06634296399715822,
        0.0668524139910005,
        0.06656766800733749,
        0.06640806500217877,
        0.06657993799308315,
        0.06655045699153561,
        0.06653700699098408,
        0.06742150500940625,
        0.06790534399624448,
        0.06812342800549231,
        0.06782364199170843,
        0.06713301900890656,
        0.06687241299368907,
        0.06686138399527408,
        0.06634908400883432,
        0.06659374799346551,
        0.06656174799718428,
        0.06621280100080185,
        0.06668897000781726,
        0.06679767199966591,
        0.0661992710083723,
        0.0674075340066338,
        0.0673428430018248,
        0.06735831299738493,
        0.06771677000506315,
        0.06741321399749722,
        0.06761740799993277,
        0.06720773100096267
    ],
    "percentiles": {
        "10": 0.06634847200766672,
        "25": 0.06655327974294778,
        "50": 0.0668250429953332,
        "75": 0.06739522875432158,
        "90": 0.06772745720372768,
        "99": 0.06806018364281044
    }
}