{
    "avg_latency": 0.057031569933072505,
    "latencies": [
        0.057285924995085225,
        0.05749863099481445,
        0.05745049899269361,
        0.05694412901357282,
        0.05696748998889234,
        0.05685628700302914,
        0.05695578899758402,
        0.056906077996245585,
        0.05696596899360884,
        0.05670415400527418,
        0.05694566799502354,
        0.05687966699770186,
        0.057088141998974606,
        0.057129633001750335,
        0.057215994005673565,
        0.05706371100677643,
        0.05743704899214208,
        0.057506249999278225,
        0.0574290079966886,
        0.0569031180057209,
        0.0568637380056316,
        0.05686052700912114,
        0.05675103499379475,
        0.05687835799471941,
        0.05680808599572629,
        0.05678710600477643,
        0.05693124899698887,
        0.05696910900587682,
        0.056908477999968454,
        0.05705622100504115
    ],
    "percentiles": {
        "10": 0.0568059879966313,
        "25": 0.05687868524546502,
        "50": 0.05695072849630378,
        "75": 0.0571192602510564,
        "90": 0.05743839399219723,
        "99": 0.05750404048798373
    }
}