{
    "avg_latency": 1.313797275334461,
    "latencies": [
        1.311949940994964,
        1.311844790005125,
        1.3120164629945066,
        1.312118065005052,
        1.3119180610083276,
        1.312863198996638,
        1.3130606929917121,
        1.3128713020123541,
        1.3130098309920868,
        1.3136876440112246,
        1.3129971010057488,
        1.31422580400249,
        1.3137121839972679,
        1.3135848120000446,
        1.313783866004087,
        1.313715513999341,
        1.3138837479928043,
        1.3143395369988866,
        1.3147746159957023,
        1.3143467149930075,
        1.3149649320112076,
        1.3149900930002332,
        1.3149861030105967,
        1.3147316579998005,
        1.3149726620031288,
        1.3147882490011398,
        1.314917270996375,
        1.3149905830068747,
        1.3148032290046103,
        1.315069593998487
    ],
    "percentiles": {
        "10": 1.3120098107945524,
        "25": 1.3130002835023333,
        "50": 1.3138338069984457,
        "75": 1.3147994840037427,
        "90": 1.3149865020095604,
        "99": 1.3150466808109196
    }
}