{
    "avg_latency": 0.038994516767464425,
    "latencies": [
        0.039220018006744795,
        0.0392368190077832,
        0.0389711530006025,
        0.038832780002849177,
        0.03896146299666725,
        0.038780928996857256,
        0.03883727999345865,
        0.038838880995172076,
        0.03888715100765694,
        0.03934592098812573,
        0.039291499997489154,
        0.03968916799931321,
        0.03903869500209112,
        0.038827829994261265,
        0.03894234298786614,
        0.03885113100113813,
        0.038979393008048646,
        0.03883309999946505,
        0.03900712399627082,
        0.03899034399364609,
        0.03909482499875594,
        0.03891160299826879,
        0.03897332299675327,
        0.039294380010687746,
        0.039094566003768705,
        0.03876993000449147,
        0.03883079100342002,
        0.038865491005708463,
        0.038798600013251416,
        0.03883897101331968
    ],
    "percentiles": {
        "10": 0.03882490699616028,
        "25": 0.03883768024388701,
        "50": 0.038951902992266696,
        "75": 0.03908059825334931,
        "90": 0.039291787998809016,
        "99": 0.039589626366068845
    }
}