{
    "avg_latency": 1.3856163543338578,
    "latencies": [
        1.3832575190026546,
        1.3842366780008888,
        1.3839818330015987,
        1.3838473899959354,
        1.3841915960074402,
        1.3842164039961062,
        1.3845822520088404,
        1.3842126939998707,
        1.3843261360016186,
        1.3847605449991534,
        1.3850910809997004,
        1.385129861999303,
        1.3856546630122466,
        1.3855328100034967,
        1.3859901480027474,
        1.3858204849966569,
        1.3858895229932386,
        1.3859145640017232,
        1.3862188299972331,
        1.3860416160023306,
        1.38596347499697,
        1.3866279080102686,
        1.3860472859960282,
        1.3870620359957684,
        1.3871489280136302,
        1.3871875579934567,
        1.3875645849911962,
        1.3866797879891237,
        1.3880709829973057,
        1.3872414540091995
    ],
    "percentiles": {
        "10": 1.3841706197068562,
        "25": 1.384390165003424,
        "50": 1.3858550039949478,
        "75": 1.3865256385070097,
        "90": 1.387192947595031,
        "99": 1.3879241275755339
    }
}