{
    "avg_latency": 0.09411777669981045,
    "latencies": [
        0.09230758399644401,
        0.09286998500465415,
        0.09256755899696145,
        0.092956527005299,
        0.09293395699933171,
        0.09247264701116364,
        0.09610364699619822,
        0.0982884890108835,
        0.09693163300107699,
        0.0945561370026553,
        0.0934064449975267,
        0.09333493399026338,
        0.09301804800634272,
        0.09374868200393394,
        0.0932421630132012,
        0.09331586299231276,
        0.0941081490018405,
        0.09496576599485707,
        0.09626424999441952,
        0.0939458959910553,
        0.09390218500629999,
        0.09520496999903116,
        0.0943996449932456,
        0.09233325399691239,
        0.09286996499577072,
        0.09355851799773518,
        0.09425197199743707,
        0.09478830199805088,
        0.09574374998919666,
        0.09514237901021261
    ],
    "percentiles": {
        "10": 0.09255806779838167,
        "25": 0.09297190725555993,
        "50": 0.09382543350511696,
        "75": 0.09492139999565552,
        "90": 0.09611970729602035,
        "99": 0.09789500076803961
    }
}