{
    "avg_latency": 0.09274300496763317,
    "latencies": [
        0.09172607299115043,
        0.09214642200095113,
        0.09170764300506562,
        0.09214042199891992,
        0.09115012099209707,
        0.09277230499719735,
        0.09421185401151888,
        0.09500851000484545,
        0.09462426300160587,
        0.09457214099529665,
        0.09256175000336953,
        0.09195482800714672,
        0.09163356201315764,
        0.09214780198817607,
        0.09138563599844929,
        0.09187216599821113,
        0.0924272770062089,
        0.09399312900495715,
        0.09417557300184853,
        0.09293335799884517,
        0.09326818499539513,
        0.09200871900247876,
        0.09220598300453275,
        0.09271769400220364,
        0.09242728800745681,
        0.09139643600792624,
        0.09280291499453597,
        0.09357610100414604,
        0.09350601899495814,
        0.09323597399634309
    ],
    "percentiles": {
        "10": 0.0916098494126345,
        "25": 0.09196830075597973,
        "50": 0.09249451900541317,
        "75": 0.09344656049506739,
        "90": 0.09424788270989666,
        "99": 0.09489707837390597
    }
}