{
    "avg_latency": 0.036417329168277016,
    "latencies": [
        0.036562984008924104,
        0.03643424100300763,
        0.03645269099797588,
        0.03645813099865336,
        0.03627650800626725,
        0.0364184099889826,
        0.036349059009808116,
        0.036297418002504855,
        0.03651454301143531,
        0.03638473000319209,
        0.03645067100296728,
        0.0364730419969419,
        0.036356459007947706,
        0.03634003900515381,
        0.03623523699934594,
        0.03633122899918817,
        0.03641135001089424,
        0.03628563799429685,
        0.036318038997706026,
        0.03633468800398987,
        0.03627134700946044,
        0.036324009008239955,
        0.03636460899724625,
        0.036691525994683616,
        0.03675177700642962,
        0.03637661000539083,
        0.03662355498818215,
        0.03675467699940782,
        0.03637519999756478,
        0.036301457992522046
    ],
    "percentiles": {
        "10": 0.036284724995493886,
        "25": 0.03632581400597701,
        "50": 0.036375905001477804,
        "75": 0.03645677099848399,
        "90": 0.036630352088832294,
        "99": 0.03675383600144414
    }
}