{
    "avg_latency": 0.0683677237315957,
    "latencies": [
        0.06795482299639843,
        0.0682638399885036,
        0.0687836610013619,
        0.06862640699546319,
        0.06790645299770404,
        0.06797171400103252,
        0.06791429199802224,
        0.06817100799526088,
        0.06804442500288133,
        0.06833384100173134,
        0.06927923100010958,
        0.06897664399002679,
        0.0689008330082288,
        0.06816753800376318,
        0.0685368159902282,
        0.06824639000114985,
        0.06772127900330815,
        0.06803149500046857,
        0.06799350499932189,
        0.06828881999535952,
        0.06806525601132307,
        0.06791464299021754,
        0.06811303699214477,
        0.06814952699642163,
        0.0687345400074264,
        0.06941902299877256,
        0.06948546499188524,
        0.06857458699960262,
        0.06822246899537276,
        0.06824014999438077
    ],
    "percentiles": {
        "10": 0.06791460789099801,
        "25": 0.06803472750107176,
        "50": 0.06823130949487677,
        "75": 0.06861345199649804,
        "90": 0.06900690269103507,
        "99": 0.06946619681388257
    }
}