{
    "avg_latency": 0.06861771813322169,
    "latencies": [
        0.06829683000978548,
        0.06827870900451671,
        0.06816881700069644,
        0.06847779300005641,
        0.06801907399494667,
        0.06846762399072759,
        0.068185967989848,
        0.06880767000257038,
        0.0683296109928051,
        0.06896725299884565,
        0.0698643119976623,
        0.06920572799572255,
        0.06950444499670994,
        0.06871856799989473,
        0.06840796199685428,
        0.0683473410026636,
        0.06798235299356747,
        0.06842501299979631,
        0.06840499299869407,
        0.06823358900146559,
        0.06837817199993879,
        0.0686967779911356,
        0.0686228470003698,
        0.06870425899978727,
        0.06905807500879746,
        0.06876612899941392,
        0.06937513200682588,
        0.06871229800162837,
        0.06873636900854763,
        0.06838783201237675
    ],
    "percentiles": {
        "10": 0.06818425289093284,
        "25": 0.06833404349526973,
        "50": 0.068472708495392,
        "75": 0.06875868900169735,
        "90": 0.06922266839683289,
        "99": 0.06975995056738611
    }
}