{
    "avg_latency": 1.4473041053997198,
    "latencies": [
        1.4450885859987466,
        1.4447832400037441,
        1.4448744209948927,
        1.4444464840053115,
        1.4449994140013587,
        1.445275498990668,
        1.4452432590042008,
        1.4454425029980484,
        1.447519587003626,
        1.4462477019988,
        1.4421974849974504,
        1.4475774080055999,
        1.4469703560025664,
        1.4465554380003596,
        1.4479432849911973,
        1.4481416689959588,
        1.4441515619982965,
        1.449741520002135,
        1.4477085370017448,
        1.448233443996287,
        1.4489665480068652,
        1.4493871969898464,
        1.4485824510047678,
        1.4499796879972564,
        1.4497655120067066,
        1.4494153879932128,
        1.449803454001085,
        1.449960307989386,
        1.4499854180030525,
        1.4501357990084216
    ],
    "percentiles": {
        "10": 1.4447495644039008,
        "25": 1.4452513190008176,
        "50": 1.4476429725036724,
        "75": 1.4494083402423712,
        "90": 1.4499622459901729,
        "99": 1.4500921885168645
    }
}