{
    "avg_latency": 0.04144554303347832,
    "latencies": [
        0.041584314007195644,
        0.04130521899787709,
        0.042246607001288794,
        0.04172714700689539,
        0.0419879519904498,
        0.04151614299917128,
        0.041396790998987854,
        0.04148839300614782,
        0.04131510898878332,
        0.04147393199673388,
        0.041353470005560666,
        0.041289408996817656,
        0.04145789099857211,
        0.0412216080003418,
        0.04140998100047,
        0.04144190199440345,
        0.04121522700006608,
        0.04143810100504197,
        0.041342689000885,
        0.04152881300251465,
        0.04123797800275497,
        0.04138403100660071,
        0.04144424099649768,
        0.04121596799814142,
        0.04139625100651756,
        0.04132832899631467,
        0.04122311799437739,
        0.041602015000535175,
        0.04132709999976214,
        0.04146656200464349
    ],
    "percentiles": {
        "10": 0.04122296699497383,
        "25": 0.04131810674152803,
        "50": 0.041403385999728926,
        "75": 0.04148477775379433,
        "90": 0.041614528201171196,
        "99": 0.042171597048145486
    }
}