{
    "avg_latency": 0.05687748623264876,
    "latencies": [
        0.056838656004401855,
        0.05780888500157744,
        0.05661067100299988,
        0.05659130999993067,
        0.05659412100794725,
        0.05653937900206074,
        0.05673588399076834,
        0.057105580999632366,
        0.05664309200074058,
        0.05669272299564909,
        0.05666546199063305,
        0.05674548400565982,
        0.056684323004446924,
        0.056822184997145087,
        0.056732133991317824,
        0.057031639997148886,
        0.05754186099511571,
        0.05767184199066833,
        0.05680586500966456,
        0.05713832199398894,
        0.05695353800547309,
        0.05666641199786682,
        0.056857925999793224,
        0.05722362399683334,
        0.05689822700514924,
        0.0566389320010785,
        0.05677962499612477,
        0.05675444399821572,
        0.056785334993037395,
        0.05676710400439333
    ],
    "percentiles": {
        "10": 0.05660901600349462,
        "25": 0.056670889749511844,
        "50": 0.05677336450025905,
        "75": 0.05693971025539213,
        "90": 0.05725544769666158,
        "99": 0.057769142528413794
    }
}