{
    "avg_latency": 0.05109786843240727,
    "latencies": [
        0.05105795001145452,
        0.05105644000286702,
        0.05109013100445736,
        0.05091764799726661,
        0.050978458995814435,
        0.05105348999495618,
        0.051153941996744834,
        0.050911418002215214,
        0.05097572899830993,
        0.050973238990991376,
        0.051011440009460784,
        0.05105001000629272,
        0.05099550899467431,
        0.051140212002792396,
        0.05123613399337046,
        0.05118708300869912,
        0.05131330598669592,
        0.05124567401071545,
        0.05122883399599232,
        0.05113441099820193,
        0.05113892100052908,
        0.051085751998471096,
        0.05105774999537971,
        0.05099230899941176,
        0.05097904799913522,
        0.05103716999292374,
        0.050932596990605816,
        0.051234333994216286,
        0.05153799899562728,
        0.05122911400394514
    ],
    "percentiles": {
        "10": 0.05096917479095282,
        "25": 0.0509931089982274,
        "50": 0.051057850003417116,
        "75": 0.05117879775571055,
        "90": 0.05123708799510496,
        "99": 0.05147283802303718
    }
}