{
    "avg_latency": 1.3415359646979292,
    "latencies": [
        1.3394944059982663,
        1.3395104389928747,
        1.3403333759924863,
        1.3397929549973924,
        1.340057520006667,
        1.340330355000333,
        1.3399664079915965,
        1.3404852980020223,
        1.3406981720036129,
        1.3410336680099135,
        1.3407796639949083,
        1.3412907239980996,
        1.3418387139972765,
        1.342181696993066,
        1.341554594997433,
        1.3422473079990596,
        1.3417164779966697,
        1.3419873329985421,
        1.3419759930111468,
        1.341951832990162,
        1.342102974987938,
        1.3421571259968914,
        1.3418446199939353,
        1.3425578539900016,
        1.3425981309992494,
        1.3424578349950025,
        1.3429603050026344,
        1.3428262419911334,
        1.3437097690039081,
        1.343637148005655
    ],
    "percentiles": {
        "10": 1.3399490626921762,
        "25": 1.34053851650242,
        "50": 1.341841666995606,
        "75": 1.3422309052475612,
        "90": 1.3428396482922835,
        "99": 1.3436887089144147
    }
}