{
    "avg_latency": 0.0932013474657045,
    "latencies": [
        0.09249567300139461,
        0.09249032200023066,
        0.09200940300070215,
        0.09234773900243454,
        0.09258160500030499,
        0.09231542800262105,
        0.09387003000301775,
        0.09505056499619968,
        0.09509366500424221,
        0.09305533400038257,
        0.09226316800049972,
        0.09332908899523318,
        0.09338400099659339,
        0.0930523939896375,
        0.09231591899879277,
        0.09163426500163041,
        0.09288698999444023,
        0.0944572930020513,
        0.09371388700674288,
        0.09401524299755692,
        0.09377559799759183,
        0.09310933499364182,
        0.09262283499992918,
        0.09373406699160114,
        0.09268780599813908,
        0.0919818620022852,
        0.0931218049954623,
        0.09429558900592383,
        0.09389859199291095,
        0.09445092199894134
    ],
    "percentiles": {
        "10": 0.09223779150051996,
        "25": 0.09249165975052165,
        "50": 0.0930823344970122,
        "75": 0.09384642200166127,
        "90": 0.09445155909925233,
        "99": 0.09508116600190988
    }
}