{
    "avg_latency": 0.04218911456555361,
    "latencies": [
        0.04165650199865922,
        0.041660902003059164,
        0.04175876299268566,
        0.04201682900020387,
        0.04191562700725626,
        0.04199402799713425,
        0.04187741600617301,
        0.041827624998404644,
        0.04180828398966696,
        0.04187884599377867,
        0.042196012000204064,
        0.04122862400254235,
        0.041607170991483144,
        0.04202484899724368,
        0.04281462301150896,
        0.0428088439948624,
        0.041965887998230755,
        0.042550618993118405,
        0.04267893100040965,
        0.04322598200815264,
        0.0424494170001708,
        0.04294423600367736,
        0.042645850990084,
        0.042729061999125406,
        0.04240830600610934,
        0.043050777996541,
        0.0418783259956399,
        0.041701371999806724,
        0.04165006199036725,
        0.042719662000308745
    ],
    "percentiles": {
        "10": 0.041655857997830024,
        "25": 0.04181311924185138,
        "50": 0.04200542849866906,
        "75": 0.042670660997828236,
        "90": 0.042827584310725794,
        "99": 0.04317517284478527
    }
}