{
    "avg_latency": 0.8643193860654719,
    "latencies": [
        0.8640011000097729,
        0.8638461859954987,
        0.8637665050046053,
        0.8637355839891825,
        0.8639764590043342,
        0.8639977189886849,
        0.8639998590078903,
        0.8638781679910608,
        0.8640169900027104,
        0.8636249429982854,
        0.8639852189953672,
        0.8639511189976474,
        0.8640530010015937,
        0.8641648019984132,
        0.8641124819987454,
        0.8640771109930938,
        0.8641111309989356,
        0.8646949219983071,
        0.8643291260086698,
        0.864454939001007,
        0.8646197409980232,
        0.8644962890102761,
        0.8644778889865847,
        0.8644838290056214,
        0.8653747350035701,
        0.8648060749983415,
        0.8647178539977176,
        0.865581210993696,
        0.865117431996623,
        0.8651291619898984
    ],
    "percentiles": {
        "10": 0.8638382178964094,
        "25": 0.8639883439936966,
        "50": 0.8641118064988405,
        "75": 0.8645888780010864,
        "90": 0.8651186049959506,
        "99": 0.8655213329565595
    }
}