{
    "avg_latency": 0.024618653099848113,
    "latencies": [
        0.02494720500544645,
        0.02476270101033151,
        0.024545848995330743,
        0.024270932990475558,
        0.02457097900332883,
        0.024831262999214232,
        0.02431798398902174,
        0.0242814530065516,
        0.02455975800694432,
        0.02442527598759625,
        0.02511109900660813,
        0.024823403000482358,
        0.024483177010552026,
        0.024351833999389783,
        0.024484195993863977,
        0.024361055009649135,
        0.025376974008395337,
        0.024302182995597832,
        0.025103278996539302,
        0.02432696399046108,
        0.02431342400086578,
        0.02438279500347562,
        0.024347375001525506,
        0.024921795004047453,
        0.024744941998505965,
        0.02438380499370396,
        0.025208109989762306,
        0.024643850003485568,
        0.02484426400042139,
        0.024531667993869632
    ],
    "percentiles": {
        "10": 0.024312299900338986,
        "25": 0.02435413925195462,
        "50": 0.024538758494600188,
        "75": 0.024829297999531263,
        "90": 0.025104060997546186,
        "99": 0.02532800344299176
    }
}