{
    "avg_latency": 0.030323352366879892,
    "latencies": [
        0.030223348003346473,
        0.030519563995767385,
        0.030374930996913463,
        0.030171607999363914,
        0.03012702699925285,
        0.030140567003400065,
        0.030929241998819634,
        0.030338391006807797,
        0.030248099006712437,
        0.030200267996406183,
        0.03010108599846717,
        0.030103405995760113,
        0.030157257002429105,
        0.03011629699904006,
        0.030106366000836715,
        0.03028594999341294,
        0.030308230998343788,
        0.03023541800212115,
        0.030202388006728142,
        0.030550663999747485,
        0.030495803002850153,
        0.03005229600239545,
        0.030414171997108497,
        0.030324940002174117,
        0.030306460001156665,
        0.030576414996176027,
        0.030432052997639403,
        0.030576285003917292,
        0.030498832988087088,
        0.030583206011215225
    ],
    "percentiles": {
        "10": 0.030106070000329055,
        "25": 0.030160844751662808,
        "50": 0.030296204997284804,
        "75": 0.030479865501547465,
        "90": 0.030576298003143165,
        "99": 0.030828891562414355
    }
}