{
    "avg_latency": 0.8801833858989994,
    "latencies": [
        0.8792745050013764,
        0.8792713839939097,
        0.8800260489952052,
        0.880161731998669,
        0.8793594169983407,
        0.8794023180089425,
        0.8796841930015944,
        0.8793770659976872,
        0.8796843829913996,
        0.8798863449919736,
        0.8800591960025486,
        0.880157417996088,
        0.8803664520091843,
        0.8799601149949012,
        0.8800339760055067,
        0.8798264009965351,
        0.880591066001216,
        0.8801774380117422,
        0.8802943009941373,
        0.8804233830014709,
        0.8803996829956304,
        0.8801718579925364,
        0.8802223789971322,
        0.8801850180025212,
        0.8803479719936149,
        0.8809329929936212,
        0.881264438998187,
        0.881012345009367,
        0.8816993149957852,
        0.881248436999158
    ],
    "percentiles": {
        "10": 0.8793753010977525,
        "25": 0.8798413869953947,
        "50": 0.8801667949956027,
        "75": 0.8803913752490189,
        "90": 0.8810359542083461,
        "99": 0.8815732009564817
    }
}