{
    "avg_latency": 0.06057180570205674,
    "latencies": [
        0.059745261998614296,
        0.059676851000403985,
        0.05947411700617522,
        0.059603989007882774,
        0.06001586699858308,
        0.05917774100089446,
        0.059630328993080184,
        0.059812983992742375,
        0.059822852999786846,
        0.05978825299825985,
        0.0603740339865908,
        0.06160899800306652,
        0.06159163700067438,
        0.061209310006233864,
        0.06155357700481545,
        0.06097164600214455,
        0.06105908800964244,
        0.06077999201079365,
        0.06082927298848517,
        0.0604943960061064,
        0.06038869499752764,
        0.06076061200292315,
        0.06033925400697626,
        0.06033450399991125,
        0.060697260007145815,
        0.06091607500275131,
        0.061282842012587935,
        0.061503766002715565,
        0.06163380900397897,
        0.062077157010207884
    ],
    "percentiles": {
        "10": 0.05962769499456044,
        "25": 0.05981545124450349,
        "50": 0.06059582800662611,
        "75": 0.06117175450708601,
        "90": 0.0615933731009136,
        "99": 0.0619485860884015
    }
}