{
    "avg_latency": 0.9224104139667664,
    "latencies": [
        0.919836490007583,
        0.920947791004437,
        0.9215431029879255,
        0.9209185509971576,
        0.9208256499987328,
        0.9210603439860279,
        0.9209009010082809,
        0.921429170994088,
        0.9213470499962568,
        0.9221051140048075,
        0.9223029959975975,
        0.9212592490075622,
        0.9221029150066897,
        0.9220365939982003,
        0.9226998669910245,
        0.922265247994801,
        0.9223568890010938,
        0.9225617240008432,
        0.922740498004714,
        0.9234647320117801,
        0.9228282289986964,
        0.9230914840009063,
        0.9222984090010868,
        0.9238718090055045,
        0.9248703880002722,
        0.923338768989197,
        0.9237428359920159,
        0.9243665969988797,
        0.9250052840070566,
        0.924193737009773
    ],
    "percentiles": {
        "10": 0.9209167859982699,
        "25": 0.9213675802457146,
        "50": 0.9223007024993422,
        "75": 0.9232769477421243,
        "90": 0.9242110230086837,
        "99": 0.9249661641650891
    }
}