{
    "avg_latency": 0.9776262683992779,
    "latencies": [
        0.9757413810002618,
        0.9760655570134986,
        0.9761634879978374,
        0.9753271429945016,
        0.9743818339920836,
        0.9775085850124015,
        0.97756819598726,
        0.9761704090051353,
        0.9777547400008189,
        0.9763091869972413,
        0.9764120710024145,
        0.9743324209994171,
        0.9781037929933518,
        0.9788285969989374,
        0.9784668609936489,
        0.9782923669990851,
        0.9773417590040481,
        0.979021951003233,
        0.9781837749906117,
        0.9760678940074285,
        0.978803046993562,
        0.9783913190040039,
        0.9783575290057342,
        0.9784214699902805,
        0.9787509159941692,
        0.9797713830048451,
        0.9789230199967278,
        0.9795764320006128,
        0.980373847996816,
        0.9793770789983682
    ],
    "percentiles": {
        "10": 0.9756999571996857,
        "25": 0.9762051035031618,
        "50": 0.9781437839919818,
        "75": 0.9787900142437138,
        "90": 0.9793970142985927,
        "99": 0.9801991331491444
    }
}