{
  "1": {
    "n_completed": 95,
    "duration_s": 29.734541508980328,
    "requests_per_s": 3.194937442412166,
    "output_tokens_per_s": 397.11390863160904,
    "ttft_ms": {
      "mean": 23.02906527337128,
      "p50": 22.736255021300167,
      "p90": 23.070972005371004,
      "p99": 31.40562999760732
    },
    "tpot_ms": {
      "mean": 2.3498550756356504,
      "p50": 2.351406669495334,
      "p90": 2.3527366927766247,
      "p99": 2.3534323387196303
    },
    "total_ms": {
      "mean": 312.7658242739639,
      "p50": 321.41648899414577,
      "p90": 321.69777899980545,
      "p99": 323.9477109746076
    }
  },
  "4": {
    "n_completed": 191,
    "duration_s": 29.957788007013733,
    "requests_per_s": 6.375637612339168,
    "output_tokens_per_s": 781.1991991705421,
    "ttft_ms": {
      "mean": 33.27717067623823,
      "p50": 33.86123399832286,
      "p90": 35.20474300603382,
      "p99": 40.83706298843026
    },
    "tpot_ms": {
      "mean": 4.860286714167802,
      "p50": 4.858813582695874,
      "p90": 4.927319574662976,
      "p99": 4.9914732991578425
    },
    "total_ms": {
      "mean": 623.96121175953,
      "p50": 650.1823400030844,
      "p90": 659.6981699985918,
      "p99": 667.8918509860523
    }
  },
  "16": {
    "n_completed": 427,
    "duration_s": 29.99679614402703,
    "requests_per_s": 14.234853547352067,
    "output_tokens_per_s": 1818.8942491734806,
    "ttft_ms": {
      "mean": 99.71593816361698,
      "p50": 100.73242499493062,
      "p90": 162.03463199781254,
      "p99": 187.0484690007288
    },
    "tpot_ms": {
      "mean": 8.171829334230821,
      "p50": 8.194353023551287,
      "p90": 8.271481259955152,
      "p99": 8.707969425398284
    },
    "total_ms": {
      "mean": 1135.9677010220453,
      "p50": 1138.2191060110927,
      "p90": 1202.3740089789499,
      "p99": 1235.5746510147583
    }
  },
  "32": {
    "n_completed": 736,
    "duration_s": 29.975305594998645,
    "requests_per_s": 24.553544505741453,
    "output_tokens_per_s": 3142.853696734906,
    "ttft_ms": {
      "mean": 84.57914160075946,
      "p50": 67.94037649524398,
      "p90": 135.1331429905258,
      "p99": 239.13641899707727
    },
    "tpot_ms": {
      "mean": 9.583803329850099,
      "p50": 9.593894252004505,
      "p90": 9.626109283655794,
      "p99": 9.65212018107152
    },
    "total_ms": {
      "mean": 1301.722164491722,
      "p50": 1288.0440320150228,
      "p90": 1351.7838279949501,
      "p99": 1453.6242519970983
    }
  },
  "64": {
    "n_completed": 1234,
    "duration_s": 29.99180130500463,
    "requests_per_s": 41.14457772811687,
    "output_tokens_per_s": 5266.50594919896,
    "ttft_ms": {
      "mean": 242.91611940636676,
      "p50": 192.7326644945424,
      "p90": 534.4775679986924,
      "p99": 870.0758110207971
    },
    "tpot_ms": {
      "mean": 10.216346309887951,
      "p50": 10.237295598325165,
      "p90": 10.29422928351821,
      "p99": 12.534803992062146
    },
    "total_ms": {
      "mean": 1540.3921007621366,
      "p50": 1495.876123502967,
      "p90": 1828.6910539900418,
      "p99": 2138.3927110000513
    }
  },
  "128": {
    "n_completed": 1350,
    "duration_s": 29.992494171019644,
    "requests_per_s": 45.01126156104891,
    "output_tokens_per_s": 5676.353524626263,
    "ttft_ms": {
      "mean": 1446.8792861050072,
      "p50": 1710.5021349998424,
      "p90": 2264.669443015009,
      "p99": 2472.115335986018
    },
    "tpot_ms": {
      "mean": 10.852092447965305,
      "p50": 10.84064882783527,
      "p90": 11.284090015729229,
      "p99": 14.720936306966761
    },
    "total_ms": {
      "mean": 2804.6770418244546,
      "p50": 3056.5241660078755,
      "p90": 3679.9530109856278,
      "p99": 3974.9330799968448
    }
  }
}