{
  "1": {
    "n_completed": 23,
    "duration_s": 29.391166226007044,
    "requests_per_s": 0.7825480562131706,
    "output_tokens_per_s": 100.16615119528583,
    "ttft_ms": {
      "mean": 33.012059176816486,
      "p50": 32.56909400806762,
      "p90": 33.96318302839063,
      "p99": 40.11500897468068
    },
    "tpot_ms": {
      "mean": 9.999557534731794,
      "p50": 9.999242834664338,
      "p90": 10.006509275555127,
      "p99": 10.009363110087387
    },
    "total_ms": {
      "mean": 1302.9558660877544,
      "p50": 1302.7695099881385,
      "p90": 1303.7937319895718,
      "p99": 1310.3721459920052
    }
  },
  "4": {
    "n_completed": 38,
    "duration_s": 29.797088669001823,
    "requests_per_s": 1.275292375779374,
    "output_tokens_per_s": 163.23742409975986,
    "ttft_ms": {
      "mean": 74.59938831437428,
      "p50": 74.48859699070454,
      "p90": 86.95426900521852,
      "p99": 93.28898901003413
    },
    "tpot_ms": {
      "mean": 23.3333302625641,
      "p50": 23.670140921168475,
      "p90": 24.238065968626948,
      "p99": 24.354262196818205
    },
    "total_ms": {
      "mean": 3037.932331660015,
      "p50": 3076.056352001615,
      "p90": 3148.9207730046473,
      "p99": 3162.6439329993445
    }
  },
  "16": {
    "n_completed": 90,
    "duration_s": 29.756195175024914,
    "requests_per_s": 3.0245802418831813,
    "output_tokens_per_s": 387.1462709610472,
    "ttft_ms": {
      "mean": 207.06650415441902,
      "p50": 225.20571650238708,
      "p90": 269.46893098647706,
      "p99": 297.1904599980917
    },
    "tpot_ms": {
      "mean": 42.92171346169325,
      "p50": 43.20978661806609,
      "p90": 44.21214992134634,
      "p99": 44.2677093307693
    },
    "total_ms": {
      "mean": 5658.124113789462,
      "p50": 5686.055938989739,
      "p90": 5865.594995004358,
      "p99": 5872.31880100444
    }
  },
  "32": {
    "n_completed": 130,
    "duration_s": 29.820088859007228,
    "requests_per_s": 4.359477284412357,
    "output_tokens_per_s": 558.0130924047817,
    "ttft_ms": {
      "mean": 234.13216814559956,
      "p50": 201.75985599053092,
      "p90": 374.239357013721,
      "p99": 455.6257080112118
    },
    "tpot_ms": {
      "mean": 51.44397538014787,
      "p50": 51.40215146076209,
      "p90": 51.94212559071612,
      "p99": 52.18886361410658
    },
    "total_ms": {
      "mean": 6767.5170414243785,
      "p50": 6753.937562505598,
      "p90": 6892.814844002714,
      "p99": 6964.4993350084405
    }
  },
  "64": {
    "n_completed": 256,
    "duration_s": 29.195756428991444,
    "requests_per_s": 8.76839757937532,
    "output_tokens_per_s": 1122.354890160041,
    "ttft_ms": {
      "mean": 401.33737562507577,
      "p50": 318.4354394907132,
      "p90": 850.1943339942954,
      "p99": 967.2083399782423
    },
    "tpot_ms": {
      "mean": 56.71081357763259,
      "p50": 56.847016999908675,
      "p90": 57.049302952584085,
      "p99": 57.142497929258596
    },
    "total_ms": {
      "mean": 7603.610699984415,
      "p50": 7526.480437503778,
      "p90": 8058.278176002204,
      "p99": 8176.259619009215
    }
  }
}