{
  "1": {
    "n_completed": 23,
    "duration_s": 29.112468944018474,
    "requests_per_s": 0.7900394859751544,
    "output_tokens_per_s": 101.12505420481976,
    "ttft_ms": {
      "mean": 32.80661882498585,
      "p50": 32.28761599166319,
      "p90": 33.603241987293586,
      "p99": 41.14061500877142
    },
    "tpot_ms": {
      "mean": 10.001016553233972,
      "p50": 10.001779212634718,
      "p90": 10.010832645673686,
      "p99": 10.013763811145946
    },
    "total_ms": {
      "mean": 1302.9357210857004,
      "p50": 1302.4584869854152,
      "p90": 1304.3350450170692,
      "p99": 1310.9059980197344
    }
  },
  "4": {
    "n_completed": 37,
    "duration_s": 29.809783533011796,
    "requests_per_s": 1.2412032431911373,
    "output_tokens_per_s": 158.87401512846557,
    "ttft_ms": {
      "mean": 73.92833962237361,
      "p50": 72.73239499772899,
      "p90": 79.04394500656053,
      "p99": 96.0537210048642
    },
    "tpot_ms": {
      "mean": 23.715479101075328,
      "p50": 23.776645393809304,
      "p90": 24.330330984190283,
      "p99": 24.46265770058243
    },
    "total_ms": {
      "mean": 3085.7941854589403,
      "p50": 3089.668457978405,
      "p90": 3160.325292003108,
      "p99": 3181.6307170083746
    }
  },
  "16": {
    "n_completed": 89,
    "duration_s": 29.807345715002157,
    "requests_per_s": 2.9858411698565277,
    "output_tokens_per_s": 382.18766974163555,
    "ttft_ms": {
      "mean": 197.3959841125179,
      "p50": 210.04690800327808,
      "p90": 297.2338280233089,
      "p99": 302.4046730133705
    },
    "tpot_ms": {
      "mean": 43.367363745467685,
      "p50": 43.34358837800174,
      "p90": 44.340104834721096,
      "p99": 44.49644553549331
    },
    "total_ms": {
      "mean": 5705.051179786914,
      "p50": 5707.300629990641,
      "p90": 5861.037230002694,
      "p99": 5875.511999009177
    }
  },
  "32": {
    "n_completed": 136,
    "duration_s": 29.983746415993664,
    "requests_per_s": 4.535790761872775,
    "output_tokens_per_s": 580.5812175197152,
    "ttft_ms": {
      "mean": 250.15816108690856,
      "p50": 245.13914750423282,
      "p90": 388.4696390014142,
      "p99": 440.9792730002664
    },
    "tpot_ms": {
      "mean": 51.104920055591684,
      "p50": 51.06646307871501,
      "p90": 51.89327587415721,
      "p99": 52.04805725975527
    },
    "total_ms": {
      "mean": 6740.483008147053,
      "p50": 6747.7793025027495,
      "p90": 6866.490601998521,
      "p99": 6924.039500008803
    }
  },
  "64": {
    "n_completed": 256,
    "duration_s": 29.053217499982566,
    "requests_per_s": 8.811416498023107,
    "output_tokens_per_s": 1127.8613117469577,
    "ttft_ms": {
      "mean": 343.6482511091299,
      "p50": 264.15951500530355,
      "p90": 678.8195029948838,
      "p99": 780.5066769942641
    },
    "tpot_ms": {
      "mean": 56.662408576117045,
      "p50": 56.73560221653384,
      "p90": 56.936810527585344,
      "p99": 57.26554050379777
    },
    "total_ms": {
      "mean": 7539.774140275995,
      "p50": 7451.7679549899185,
      "p90": 7899.653925996972,
      "p99": 8021.42438699957
    }
  },
  "128": {
    "n_completed": 453,
    "duration_s": 28.218920039013028,
    "requests_per_s": 16.05305941452478,
    "output_tokens_per_s": 2054.7916050591716,
    "ttft_ms": {
      "mean": 745.6602522232554,
      "p50": 546.9577549956739,
      "p90": 1873.2199289952405,
      "p99": 2036.5546320099384
    },
    "tpot_ms": {
      "mean": 66.11527368888419,
      "p50": 66.18460970857423,
      "p90": 66.64488773209072,
      "p99": 70.5954797243274
    },
    "total_ms": {
      "mean": 9142.300010711548,
      "p50": 8985.828851000406,
      "p90": 10290.709769004025,
      "p99": 10480.55546998512
    }
  }
}