{
  "1": {
    "n_completed": 23,
    "duration_s": 29.10642379600904,
    "requests_per_s": 0.7902035702219684,
    "output_tokens_per_s": 101.14605698841196,
    "ttft_ms": {
      "mean": 33.22323921652835,
      "p50": 33.09008400538005,
      "p90": 34.593474003486335,
      "p99": 34.819927997887135
    },
    "tpot_ms": {
      "mean": 9.99416792913519,
      "p50": 9.99531914172034,
      "p90": 10.002262944879934,
      "p99": 10.006174787523328
    },
    "total_ms": {
      "mean": 1302.4825662166973,
      "p50": 1302.4645400000736,
      "p90": 1304.1910979954991,
      "p99": 1304.3571609887294
    }
  },
  "4": {
    "n_completed": 38,
    "duration_s": 29.974622392008314,
    "requests_per_s": 1.2677390728408766,
    "output_tokens_per_s": 162.2706013236322,
    "ttft_ms": {
      "mean": 78.76125302343434,
      "p50": 77.19443249516189,
      "p90": 94.84147999319248,
      "p99": 102.96451800968498
    },
    "tpot_ms": {
      "mean": 23.536108346255578,
      "p50": 23.710720078821666,
      "p90": 24.11538313370286,
      "p99": 24.177679291323166
    },
    "total_ms": {
      "mean": 3067.8470129978928,
      "p50": 3085.3908299905015,
      "p90": 3144.3816710088868,
      "p99": 3148.539917980088
    }
  },
  "16": {
    "n_completed": 88,
    "duration_s": 29.65806691898615,
    "requests_per_s": 2.9671522503600936,
    "output_tokens_per_s": 379.795488046092,
    "ttft_ms": {
      "mean": 187.83750450066609,
      "p50": 150.93193449138198,
      "p90": 276.94120100932196,
      "p99": 292.0029390079435
    },
    "tpot_ms": {
      "mean": 43.325318410242865,
      "p50": 43.486691980190045,
      "p90": 44.048044566792896,
      "p99": 44.12708557476693
    },
    "total_ms": {
      "mean": 5690.1529426015095,
      "p50": 5678.586867506965,
      "p90": 5816.924989019753,
      "p99": 5880.0940480141435
    }
  },
  "32": {
    "n_completed": 135,
    "duration_s": 29.945180996001,
    "requests_per_s": 4.50823790372242,
    "output_tokens_per_s": 577.0544516764697,
    "ttft_ms": {
      "mean": 241.3438272821993,
      "p50": 208.92199000809342,
      "p90": 365.4399710067082,
      "p99": 371.5680960158352
    },
    "tpot_ms": {
      "mean": 51.02873254410976,
      "p50": 51.05997233053002,
      "p90": 51.427220133697894,
      "p99": 51.65502674809811
    },
    "total_ms": {
      "mean": 6721.992860384139,
      "p50": 6724.853647989221,
      "p90": 6872.92570900172,
      "p99": 6881.603529007407
    }
  }
}