{
    "avg_latency": 0.4762054433318553,
    "latencies": [
        0.4758155129966326,
        0.47601643699454144,
        0.47680874200887047,
        0.47624591100611724,
        0.47669175898772664,
        0.4758200710057281,
        0.47588482600986026,
        0.4758892849786207,
        0.4760924169968348,
        0.4764465329935774,
        0.47513537501799874,
        0.4765753620013129,
        0.4759343260084279,
        0.4761631569999736,
        0.4763290740083903,
        0.47653326400904916,
        0.47609457600628957,
        0.4763215860002674,
        0.47558344999561086,
        0.47631166598876007,
        0.4758831109793391,
        0.4763722330098972,
        0.4763371049775742,
        0.47632652398897335,
        0.477014534000773,
        0.4758728409942705,
        0.4769144080055412,
        0.47681859298609197,
        0.4758292699989397,
        0.4761013509996701
    ],
    "percentiles": {
        "10": 0.4758196152048185,
        "25": 0.4758859407520504,
        "50": 0.4762045340030454,
        "75": 0.47642795799765736,
        "90": 0.47680972710659264,
        "99": 0.47698549746215574
    }
}