{
    "avg_latency": 0.4164023791662961,
    "latencies": [
        0.4167199209914543,
        0.4165756349975709,
        0.4163959910220001,
        0.416480841988232,
        0.4165470110019669,
        0.41629887800081633,
        0.4161062310158741,
        0.4162013820023276,
        0.41632073500659317,
        0.4163239499903284,
        0.4162196099932771,
        0.41636997400200926,
        0.4160382149857469,
        0.4160843849822413,
        0.4159801779896952,
        0.4161319390113931,
        0.4162019930081442,
        0.41627255198545754,
        0.41620078799314797,
        0.416321002994664,
        0.4162178630067501,
        0.41648991001420654,
        0.4164957799948752,
        0.41658252201159485,
        0.41648453200468794,
        0.4165255810075905,
        0.4166534160031006,
        0.41701079698395915,
        0.4168506700079888,
        0.41696909099118784
    ],
    "percentiles": {
        "10": 0.4161040464125108,
        "25": 0.4162059605077957,
        "50": 0.41634696199616883,
        "75": 0.4165416535033728,
        "90": 0.41673299589310775,
        "99": 0.41699870224605545
    }
}