{
    "avg_latency": 0.025083215496852062,
    "latencies": [
        0.025173873000312597,
        0.025161717989249155,
        0.025111399998422712,
        0.025085221976041794,
        0.025110895978286862,
        0.02511713598505594,
        0.025078905979171395,
        0.025080663996050134,
        0.025136723998002708,
        0.0250742869975511,
        0.025107269000727683,
        0.025063978013349697,
        0.025047281000297517,
        0.025083668995648623,
        0.025043917004950345,
        0.02507213898934424,
        0.025024422007845715,
        0.0250863789988216,
        0.025031007011421025,
        0.025057484017452225,
        0.0251130840042606,
        0.025084604014409706,
        0.02506121899932623,
        0.025044292997336015,
        0.02507432797574438,
        0.02504563398542814,
        0.025078360020415857,
        0.025030933000380173,
        0.025085060973651707,
        0.025130577996606007
    ],
    "percentiles": {
        "10": 0.025042626005597413,
        "25": 0.025058417762920726,
        "50": 0.025079784987610765,
        "75": 0.025109989233897068,
        "90": 0.025131192596745677,
        "99": 0.025170348047104198
    }
}