{
    "avg_latency": 0.5051700911009296,
    "latencies": [
        0.5048775019822642,
        0.5044802490156144,
        0.5044803589989897,
        0.5050445499946363,
        0.5050396420119796,
        0.5049824349989649,
        0.5053567600261886,
        0.5051942740101367,
        0.5055452829983551,
        0.5061312640027609,
        0.504738288000226,
        0.5053143739933148,
        0.5053611689945683,
        0.5052994040015619,
        0.5055432049848605,
        0.504921931977151,
        0.5053440190094989,
        0.5055084810010158,
        0.5049246160197072,
        0.5047429359983653,
        0.5055435659887735,
        0.504896453989204,
        0.5051317389879841,
        0.5048955170204863,
        0.5053775529959239,
        0.505964418000076,
        0.5051000810053665,
        0.5053435529989656,
        0.5047197200183291,
        0.5052993900026195
    ],
    "percentiles": {
        "10": 0.5047364312020364,
        "25": 0.5049028234861908,
        "50": 0.5051630064990604,
        "75": 0.5053600667524734,
        "90": 0.5055437376897316,
        "99": 0.5060828786619822
    }
}