{
    "avg_latency": 0.025159993766768213,
    "latencies": [
        0.02532152200001292,
        0.02525299199623987,
        0.025199239986250177,
        0.025186479004332796,
        0.025135478004813194,
        0.025191096996422857,
        0.025127453001914546,
        0.025119803001871333,
        0.025175994000164792,
        0.02510207600425929,
        0.025160683988360688,
        0.02512169600231573,
        0.025186476996168494,
        0.025195065012667328,
        0.025097465986618772,
        0.025126861000899225,
        0.02514124900335446,
        0.02510510798310861,
        0.025131786009296775,
        0.02514117199461907,
        0.025211722997482866,
        0.0250767289835494,
        0.025167592015350237,
        0.02517441302188672,
        0.025160548015264794,
        0.025114305986789986,
        0.025163156009512022,
        0.025104353000642732,
        0.02513333800015971,
        0.02527395699871704
    ],
    "percentiles": {
        "10": 0.025104125301004386,
        "25": 0.025122987251961604,
        "50": 0.025150898509309627,
        "75": 0.02518647850229172,
        "90": 0.025215849897358568,
        "99": 0.025307728149637113
    }
}