{
    "avg_latency": 0.6029911322684105,
    "latencies": [
        0.6026641429925803,
        0.6030318179982714,
        0.6026802959968336,
        0.6033363570168149,
        0.6027942420041654,
        0.6031464459956624,
        0.6028786890092306,
        0.6032840029802173,
        0.6032933179812972,
        0.6032793589984067,
        0.6030441779876128,
        0.6035154050041456,
        0.6028973470092751,
        0.6036318269907497,
        0.6029963760229293,
        0.603141947009135,
        0.602641935023712,
        0.6027067429968156,
        0.6025436150084715,
        0.6029434230003972,
        0.6029217540053651,
        0.6025514669890981,
        0.6032042510050815,
        0.6033912530110683,
        0.6027355880069081,
        0.6031201230071019,
        0.6020454200042877,
        0.6031330229889136,
        0.6027934589947108,
        0.6033861630130559
    ],
    "percentiles": {
        "10": 0.6026328882202506,
        "25": 0.6027500557538588,
        "50": 0.6030140970106004,
        "75": 0.6032605820000754,
        "90": 0.6033866720128571,
        "99": 0.6035980646146345
    }
}