{
    "avg_latency": 0.013549892938074966,
    "latencies": [
        0.01361071999417618,
        0.013616682001156732,
        0.013586055021733046,
        0.013548030983656645,
        0.013565886998549104,
        0.013517149986000732,
        0.01356084700091742,
        0.013533856021240354,
        0.013576798024587333,
        0.013540072017349303,
        0.013581726991105825,
        0.013535994017729536,
        0.013525506015866995,
        0.013555887009715661,
        0.013504189002560452,
        0.013507390016457066,
        0.01350070201442577,
        0.01354790199548006,
        0.01356774102896452,
        0.01348368899198249,
        0.013562060019467026,
        0.013550118019338697,
        0.013603276980575174,
        0.01351217701449059,
        0.013569000002462417,
        0.013550587987992913,
        0.0134839859965723,
        0.013489645003573969,
        0.013526269001886249,
        0.013682842982234433
    ],
    "percentiles": {
        "10": 0.013499596313340589,
        "25": 0.013519238993467297,
        "50": 0.013549074501497671,
        "75": 0.013568685259087943,
        "90": 0.013604021281935275,
        "99": 0.0136636562977219
    }
}