{
    "avg_latency": 0.008224626565546107,
    "latencies": [
        0.008343949011759833,
        0.008387102017877623,
        0.008263029012596235,
        0.008207215025322512,
        0.008272570004919544,
        0.008249213016824797,
        0.008248680998804048,
        0.008177301002433524,
        0.008254197979113087,
        0.008226278005167842,
        0.008208486979128793,
        0.008179230004316196,
        0.008174578979378566,
        0.008245570992585272,
        0.00818688701838255,
        0.00818144201184623,
        0.00821777299279347,
        0.00822469699778594,
        0.008216905989684165,
        0.00818488298682496,
        0.008222067990573123,
        0.008212994987843558,
        0.008214350993512198,
        0.00824467500206083,
        0.00820402501267381,
        0.008187909988919273,
        0.008222999982535839,
        0.008205880003515631,
        0.008191675995476544,
        0.008182225981727242
    ],
    "percentiles": {
        "10": 0.008181220811093227,
        "25": 0.00818885149055859,
        "50": 0.008215628491598181,
        "75": 0.008245346994954161,
        "90": 0.008263983111828566,
        "99": 0.008374587646103463
    }
}