{
    "avg_latency": 0.013755339001848672,
    "latencies": [
        0.013808013987727463,
        0.013733146013692021,
        0.01377282099565491,
        0.013700744981179014,
        0.013757181994151324,
        0.013765200012130663,
        0.013816885009873658,
        0.013764224015176296,
        0.013768920995062217,
        0.013712296989979222,
        0.01370097600738518,
        0.013738389010541141,
        0.013728627003729343,
        0.013833330012857914,
        0.013791400007903576,
        0.013767108990577981,
        0.013720949995331466,
        0.0137836970097851,
        0.013712879997910932,
        0.013764974981313571,
        0.013791549019515514,
        0.013760047004325315,
        0.013728727994021028,
        0.013769701006822288,
        0.013746113982051611,
        0.013717180001549423,
        0.013764867006102577,
        0.013754849001998082,
        0.013720201008254662,
        0.01376516601885669
    ],
    "percentiles": {
        "10": 0.013712821697117761,
        "25": 0.013728652251302265,
        "50": 0.013762135509750806,
        "75": 0.01376950600388227,
        "90": 0.013793195516336709,
        "99": 0.01382856096199248
    }
}