{
    "avg_latency": 0.5248076925296724,
    "latencies": [
        0.5229007019952405,
        0.5235107739863452,
        0.5230517249729019,
        0.52292233298067,
        0.5227177169872448,
        0.5233751689956989,
        0.5234596020018216,
        0.5228637380059808,
        0.5232524359889794,
        0.5229718149930704,
        0.5226163549814373,
        0.5230231739988085,
        0.5232094590028282,
        0.5228045090043452,
        0.5224485179933254,
        0.5234178480168339,
        0.523078986996552,
        0.522865687002195,
        0.5718609530013055,
        0.5239480500167701,
        0.5234353469859343,
        0.5228452509909403,
        0.5225977330119349,
        0.5240133859915659,
        0.5238531469949521,
        0.522869325010106,
        0.5227024619816802,
        0.5234304510231595,
        0.5242324529972393,
        0.5239516699803062
    ],
    "percentiles": {
        "10": 0.5226938512816559,
        "25": 0.5228642252550344,
        "50": 0.5230653559847269,
        "75": 0.5234535382478498,
        "90": 0.5239578415814321,
        "99": 0.5580486880001263
    }
}