{
    "avg_latency": 0.01052827266685199,
    "latencies": [
        0.010632494988385588,
        0.010658617975423113,
        0.010589693003566936,
        0.01054896300774999,
        0.010581676993751898,
        0.010548196005402133,
        0.010568010009592399,
        0.010579519002931193,
        0.01051176100736484,
        0.010495191003428772,
        0.010487116000149399,
        0.010507230996154249,
        0.01050122600281611,
        0.010504637990379706,
        0.010563090007053688,
        0.010566133016254753,
        0.0104821189888753,
        0.010494894988369197,
        0.01055104800616391,
        0.01049476201296784,
        0.01050403801491484,
        0.010553470987360924,
        0.010554520995356143,
        0.010513305984204635,
        0.010474787995917723,
        0.010458069009473547,
        0.010482787998626009,
        0.01049844900262542,
        0.010464457009220496,
        0.010477912001078948
    ],
    "percentiles": {
        "10": 0.010477599600562826,
        "25": 0.010494795256818179,
        "50": 0.010509496001759544,
        "75": 0.010560947754129302,
        "90": 0.010582478594733402,
        "99": 0.01065104230918223
    }
}