{
    "avg_latency": 0.019865898464922795,
    "latencies": [
        0.020045495009981096,
        0.020072506013093516,
        0.019903434993466362,
        0.019851660006679595,
        0.01990200101863593,
        0.01983824500348419,
        0.019891486008418724,
        0.01985130598768592,
        0.019829675991786644,
        0.01986795398988761,
        0.01983615499921143,
        0.019798135006567463,
        0.01985432399669662,
        0.019795507978415117,
        0.01980398001614958,
        0.019815010018646717,
        0.019830973993521184,
        0.019881189975421876,
        0.019820292975055054,
        0.01980928299599327,
        0.019869618001393974,
        0.01987153699155897,
        0.019848455995088443,
        0.019852572993841022,
        0.01985559400054626,
        0.01986997897620313,
        0.019824227987555787,
        0.01983909899718128,
        0.02003307602717541,
        0.01981417799834162
    ],
    "percentiles": {
        "10": 0.019808752698008903,
        "25": 0.0198255899886135,
        "50": 0.019851482997182757,
        "75": 0.01987114748772001,
        "90": 0.01991639909683727,
        "99": 0.020064672822190915
    }
}