{
    "avg_latency": 0.5649126108386554,
    "latencies": [
        0.5649625530058984,
        0.564668535022065,
        0.5649452299985569,
        0.5650501400232315,
        0.565248300001258,
        0.5647836300195195,
        0.5648254679981619,
        0.5655271919968072,
        0.5649165850190911,
        0.5651843039959203,
        0.5650818620051723,
        0.5651958849921357,
        0.5644200959941372,
        0.5649270620197058,
        0.5654022190137766,
        0.5647511540155392,
        0.5649799579987302,
        0.5651636660040822,
        0.5646728169813287,
        0.5650316409883089,
        0.5646274250175338,
        0.5654882579983678,
        0.5648900380183477,
        0.5642852330056485,
        0.5649720770015847,
        0.5644281590066385,
        0.5647242609993555,
        0.5647298160183709,
        0.5647744410089217,
        0.5647203199914657
    ],
    "percentiles": {
        "10": 0.5646074984164443,
        "25": 0.5647256497541093,
        "50": 0.5649218235193985,
        "75": 0.5650739315096871,
        "90": 0.5652636919025099,
        "99": 0.5655159011372598
    }
}