{
    "avg_latency": 0.019592506899304377,
    "latencies": [
        0.01984731698757969,
        0.019713646004674956,
        0.0196215620089788,
        0.019599677005317062,
        0.019581999978981912,
        0.01962980901589617,
        0.01957887999014929,
        0.019572824996430427,
        0.019640807004179806,
        0.01954730600118637,
        0.01961668598232791,
        0.019531686004484072,
        0.01959757402073592,
        0.01959802399505861,
        0.01954347497667186,
        0.019587026996305212,
        0.01957147501525469,
        0.019564386020647362,
        0.019543478993000463,
        0.019561726978281513,
        0.01960495999082923,
        0.01954706502147019,
        0.019608768983744085,
        0.019564979011192918,
        0.019592872995417565,
        0.019579296000301838,
        0.019604026980232447,
        0.01955549101694487,
        0.019513739011017606,
        0.019554639991838485
    ],
    "percentiles": {
        "10": 0.019543478591367604,
        "25": 0.01955705000727903,
        "50": 0.019580647989641875,
        "75": 0.019604726738180034,
        "90": 0.019630908814724533,
        "99": 0.019808552402537316
    }
}