{
    "avg_latency": 0.4872221860015998,
    "latencies": [
        0.487419448007131,
        0.4872142160020303,
        0.4879810090060346,
        0.48731858501560055,
        0.4870309999969322,
        0.4871910579968244,
        0.48755191202508286,
        0.4874577680020593,
        0.4870446709974203,
        0.4871296329947654,
        0.48804619698785245,
        0.4869427160010673,
        0.4869067899999209,
        0.48722207100945525,
        0.4876353619911242,
        0.48728171398397535,
        0.48675445799017325,
        0.4868346069997642,
        0.48726932000136003,
        0.48699528397992253,
        0.4867633800022304,
        0.48713151301490143,
        0.48776706101489253,
        0.48737805301789194,
        0.4868622799986042,
        0.48669236298883334,
        0.4875597399950493,
        0.48748529702425003,
        0.4869629759923555,
        0.48683509801048785
    ],
    "percentiles": {
        "10": 0.4868274843000108,
        "25": 0.48694778099888936,
        "50": 0.48720263699942734,
        "75": 0.48744818800332723,
        "90": 0.48764853189350105,
        "99": 0.48802729247312526
    }
}