{
    "avg_latency": 0.4464826069335686,
    "latencies": [
        0.446849933010526,
        0.4467666620039381,
        0.4463938499975484,
        0.44676617899676785,
        0.44652673200471327,
        0.44707770898821764,
        0.4469983750022948,
        0.4467026850034017,
        0.4460721189971082,
        0.4462944990082178,
        0.4465206100139767,
        0.4465460740029812,
        0.44634772700374015,
        0.4463069000048563,
        0.44671475401264615,
        0.4465347650111653,
        0.4461262869881466,
        0.44652463699458167,
        0.4460523649759125,
        0.44649356001173146,
        0.4462245089816861,
        0.4470529969839845,
        0.446239349024836,
        0.44623902699095197,
        0.44601677599712275,
        0.44652986200526357,
        0.4463491139758844,
        0.44645666499854997,
        0.4461866900091991,
        0.4465667970071081
    ],
    "percentiles": {
        "10": 0.4461208701890428,
        "25": 0.44625313652068144,
        "50": 0.4465070850128541,
        "75": 0.4466687130043283,
        "90": 0.44686477720970286,
        "99": 0.44707054250699
    }
}