{
    "avg_latency": 0.40140104029560464,
    "latencies": [
        0.4014883009949699,
        0.40153734499472193,
        0.4015633119852282,
        0.4014978369814344,
        0.40164443099638447,
        0.40140890498878434,
        0.4012776970048435,
        0.4013942909950856,
        0.40139951001037844,
        0.4014276690140832,
        0.4012417869817,
        0.401552775001619,
        0.4013224339869339,
        0.4014878729940392,
        0.40149454699712805,
        0.40148654600488953,
        0.4014290719933342,
        0.40145516497432254,
        0.40117909500258975,
        0.40144349899492227,
        0.40113965299678966,
        0.40151422697817907,
        0.4012822770164348,
        0.40148472698638216,
        0.4012225359911099,
        0.40122171700932086,
        0.40126166498521343,
        0.401366247999249,
        0.40139951900346205,
        0.40140654900460504
    ],
    "percentiles": {
        "10": 0.401222454092931,
        "25": 0.4012923162590596,
        "50": 0.4014182870014338,
        "75": 0.40148819399473723,
        "90": 0.40153888799541165,
        "99": 0.40162090648314913
    }
}