{
    "avg_latency": 0.00905583940135936,
    "latencies": [
        0.009150871977908537,
        0.009149040997726843,
        0.009052609006175771,
        0.009096626017708331,
        0.00907637202180922,
        0.009058889001607895,
        0.009049504005815834,
        0.009054422000190243,
        0.009078404982574284,
        0.009073218010598794,
        0.009060062002390623,
        0.009075274021597579,
        0.009109128004638478,
        0.009070469997823238,
        0.009027882013469934,
        0.00903781401575543,
        0.009056468989001587,
        0.009023880993481725,
        0.009011991991428658,
        0.009025734005263075,
        0.009024253988172859,
        0.009011238988023251,
        0.00901934498688206,
        0.009097953996388242,
        0.009066329017514363,
        0.009038245014380664,
        0.00900817199726589,
        0.009040917007951066,
        0.00898594901082106,
        0.009044113976415247
    ],
    "percentiles": {
        "10": 0.009011916691088117,
        "25": 0.00902627100731479,
        "50": 0.009053515503183007,
        "75": 0.009074760018847883,
        "90": 0.009099071397213266,
        "99": 0.009150340993655845
    }
}