{
    "avg_latency": 0.016590576134816123,
    "latencies": [
        0.01675109501229599,
        0.01667548800469376,
        0.016799917997559533,
        0.016612392995739356,
        0.01662191399373114,
        0.016620463982690126,
        0.01668509200681001,
        0.016627855016849935,
        0.01661675001378171,
        0.016401269007474184,
        0.016666909999912605,
        0.016540737997274846,
        0.01659233300597407,
        0.016506213025422767,
        0.01652598800137639,
        0.016524264006875455,
        0.016598208982031792,
        0.01653302100021392,
        0.016573125001741573,
        0.01664015802089125,
        0.01654372998746112,
        0.01661785101168789,
        0.016578067996306345,
        0.016561614000238478,
        0.016520249017048627,
        0.016466803004732355,
        0.016562974982662126,
        0.01655052899150178,
        0.01647278299788013,
        0.01672948498162441
    ],
    "percentiles": {
        "10": 0.016502870022668502,
        "25": 0.016534950249479152,
        "50": 0.016585200501140207,
        "75": 0.016626369761070237,
        "90": 0.01668953130429145,
        "99": 0.016785759331833107
    }
}