{
    "avg_latency": 0.007067389632963265,
    "latencies": [
        0.00715042999945581,
        0.007154002989409491,
        0.007059419993311167,
        0.007061479991534725,
        0.007052761997329071,
        0.0070022710133343935,
        0.007037081988528371,
        0.007018777017947286,
        0.00705640300293453,
        0.007016651012236252,
        0.007049111009109765,
        0.007041662000119686,
        0.00705184499383904,
        0.007035366987111047,
        0.007172084006015211,
        0.007153316983021796,
        0.0070925299951341,
        0.00705643801484257,
        0.007062995980959386,
        0.007058884977595881,
        0.0070364610000979155,
        0.007026590988971293,
        0.007125325995730236,
        0.00714689600863494,
        0.007045710022794083,
        0.00712916799238883,
        0.007078177004586905,
        0.007019766984740272,
        0.007001784018939361,
        0.007028295018244535
    ],
    "percentiles": {
        "10": 0.007018564417376183,
        "25": 0.007035640490357764,
        "50": 0.007054582500131801,
        "75": 0.0070889417474973015,
        "90": 0.007150718697812408,
        "99": 0.007166840511199552
    }
}