{
    "avg_latency": 0.4288409300643252,
    "latencies": [
        0.42922831801115535,
        0.42896217000088654,
        0.4289618289913051,
        0.42891141201835126,
        0.4288740470074117,
        0.4288045470020734,
        0.4289264809922315,
        0.42904541100142524,
        0.4289221999933943,
        0.4290047700051218,
        0.428741814015666,
        0.4291050180036109,
        0.42880015398259275,
        0.42864824598655105,
        0.42880255897762254,
        0.42891039600363,
        0.42877520198817365,
        0.4287903329823166,
        0.42871028001536615,
        0.42874544399091974,
        0.42858136698487215,
        0.42876825798884965,
        0.4286489540245384,
        0.4287283839948941,
        0.4286817419924773,
        0.42888213097467087,
        0.4287221989943646,
        0.42889262101380154,
        0.42881365699577145,
        0.4288379579957109
    ],
    "percentiles": {
        "10": 0.4286784631956834,
        "25": 0.42874272150947945,
        "50": 0.4288091019989224,
        "75": 0.42891950299963355,
        "90": 0.42900883410475216,
        "99": 0.42919256100896747
    }
}