{
    "avg_latency": 0.4706566777322829,
    "latencies": [
        0.4707146319851745,
        0.4710854299773928,
        0.4708294160082005,
        0.4709170220012311,
        0.47077700300724246,
        0.4707613739883527,
        0.47072657899116166,
        0.4705825950077269,
        0.47034858202096075,
        0.4704653880035039,
        0.47063661098945886,
        0.47040640699560754,
        0.47086182501516305,
        0.47043767900322564,
        0.4705384219996631,
        0.4705015310028102,
        0.4704742790199816,
        0.47014355001738295,
        0.47031384802539833,
        0.4706016870040912,
        0.4706377549737226,
        0.47061585800838657,
        0.470119926991174,
        0.47103963198605925,
        0.47078962199157104,
        0.47063545501441695,
        0.4710054329771083,
        0.4712444949836936,
        0.4705498080002144,
        0.4709384869784117
    ],
    "percentiles": {
        "10": 0.4703451086214045,
        "25": 0.4704810920156888,
        "50": 0.4706360330019379,
        "75": 0.47081946750404313,
        "90": 0.47100885287800337,
        "99": 0.47119836613186633
    }
}