{
    "avg_latency": 0.5010975099673184,
    "latencies": [
        0.5013304509920999,
        0.5008455789939035,
        0.5009181319910567,
        0.5011439170048106,
        0.5011129410122521,
        0.5011131390056107,
        0.500822774018161,
        0.5008144009916577,
        0.5012161420017947,
        0.5007809590024408,
        0.5006899389845785,
        0.5009512719989289,
        0.5009554029966239,
        0.500726474012481,
        0.5010607419826556,
        0.5008119310077745,
        0.5008922099950723,
        0.5008383370004594,
        0.500611513009062,
        0.5014644540206064,
        0.5011233030236326,
        0.5014781799982302,
        0.5014211340167094,
        0.5014713330019731,
        0.5013950729917269,
        0.5015034959942568,
        0.5015737479843665,
        0.5012163579813205,
        0.5014626710035373,
        0.5011792930017691
    ],
    "percentiles": {
        "10": 0.5007755105034448,
        "25": 0.5008401474988204,
        "50": 0.5011130400089314,
        "75": 0.5013789174918202,
        "90": 0.5014720177015988,
        "99": 0.5015533749072347
    }
}