{
    "avg_latency": 0.01750318573807211,
    "latencies": [
        0.017692463006824255,
        0.01755568099906668,
        0.017519062996143475,
        0.017491167993284762,
        0.017439504008507356,
        0.017842209024820477,
        0.01771436000126414,
        0.017468205012846738,
        0.017460636008763686,
        0.017425575002562255,
        0.01741179300006479,
        0.01742704800562933,
        0.017466768011217937,
        0.0173222339944914,
        0.017447083024308085,
        0.017389529006322846,
        0.0175187689892482,
        0.017398504016455263,
        0.01758539999718778,
        0.017508470016764477,
        0.01748493200284429,
        0.017495051986770704,
        0.01743557400186546,
        0.01742788398405537,
        0.017632661008974537,
        0.017584555986104533,
        0.017377822019625455,
        0.017515213025035337,
        0.017577237013028935,
        0.01748017899808474
    ],
    "percentiles": {
        "10": 0.017397606515442022,
        "25": 0.017429806488507893,
        "50": 0.017482555500464514,
        "75": 0.01754652649833588,
        "90": 0.01763864120875951,
        "99": 0.01780513280798914
    }
}