{
  "1": {
    "n_completed": 114,
    "duration_s": 29.90408261300763,
    "requests_per_s": 3.8121885053384803,
    "output_tokens_per_s": 487.9601286833255,
    "ttft_ms": {
      "mean": 22.627529613377543,
      "p50": 22.296210503554903,
      "p90": 22.598001989535987,
      "p99": 25.678526988485828
    },
    "tpot_ms": {
      "mean": 1.8992033743679295,
      "p50": 1.9005114252965045,
      "p90": 1.901477314971798,
      "p99": 1.902443354291196
    },
    "total_ms": {
      "mean": 263.8263581581046,
      "p50": 263.6754595005186,
      "p90": 263.9136779762339,
      "p99": 266.2814640207216
    }
  },
  "4": {
    "n_completed": 262,
    "duration_s": 29.961946558003547,
    "requests_per_s": 8.744425182549215,
    "output_tokens_per_s": 1107.7050663497173,
    "ttft_ms": {
      "mean": 29.83283794988018,
      "p50": 28.191127494210377,
      "p90": 31.558386981487274,
      "p99": 51.16780399112031
    },
    "tpot_ms": {
      "mean": 3.406295137731562,
      "p50": 3.409212665296871,
      "p90": 3.4450443938656847,
      "p99": 3.4693314803408564
    },
    "total_ms": {
      "mean": 457.9435505877375,
      "p50": 462.2707104863366,
      "p90": 468.11475601862185,
      "p99": 485.02598801860586
    }
  },
  "16": {
    "n_completed": 672,
    "duration_s": 29.972058654995635,
    "requests_per_s": 22.42088232027377,
    "output_tokens_per_s": 2855.8598855448713,
    "ttft_ms": {
      "mean": 82.95254449465227,
      "p50": 78.38129749870859,
      "p90": 141.09665001160465,
      "p99": 175.99273100495338
    },
    "tpot_ms": {
      "mean": 4.995200354436609,
      "p50": 5.005561793096396,
      "p90": 5.071000055103805,
      "p99": 5.117445921078031
    },
    "total_ms": {
      "mean": 714.2056088241588,
      "p50": 712.0732465118635,
      "p90": 778.0393680150155,
      "p99": 810.5510959867388
    }
  },
  "32": {
    "n_completed": 1155,
    "duration_s": 29.996206798998173,
    "requests_per_s": 38.50486855686617,
    "output_tokens_per_s": 4898.652719146729,
    "ttft_ms": {
      "mean": 101.57790882273545,
      "p50": 91.5158920106478,
      "p90": 166.32883000420406,
      "p99": 249.3388869916089
    },
    "tpot_ms": {
      "mean": 5.740193886219696,
      "p50": 5.744026590452171,
      "p90": 5.793757267813309,
      "p99": 5.942047440940074
    },
    "total_ms": {
      "mean": 826.1176270911535,
      "p50": 820.5441060126759,
      "p90": 894.9321919935755,
      "p99": 979.9312120012473
    }
  },
  "64": {
    "n_completed": 1262,
    "duration_s": 29.965813799994066,
    "requests_per_s": 42.11465800405694,
    "output_tokens_per_s": 5366.248388022482,
    "ttft_ms": {
      "mean": 775.058211622323,
      "p50": 878.9612115069758,
      "p90": 1220.88282200275,
      "p99": 1723.2301209878642
    },
    "tpot_ms": {
      "mean": 6.143249832319694,
      "p50": 6.176781783446002,
      "p90": 6.310920834662319,
      "p99": 8.149256708611933
    },
    "total_ms": {
      "mean": 1551.720366156446,
      "p50": 1666.962772491388,
      "p90": 2003.7203500105534,
      "p99": 2479.078283009585
    }
  },
  "128": {
    "n_completed": 1271,
    "duration_s": 29.963133424986154,
    "requests_per_s": 42.41879452234183,
    "output_tokens_per_s": 4920.446667205271,
    "ttft_ms": {
      "mean": 2135.5081943419186,
      "p50": 2288.2552500232123,
      "p90": 2790.868545998819,
      "p99": 2972.620794986142
    },
    "tpot_ms": {
      "mean": 8.624206889410653,
      "p50": 8.459573078131223,
      "p90": 9.787522769329371,
      "p99": 12.740743290883477
    },
    "total_ms": {
      "mean": 3120.317111928958,
      "p50": 3284.9896589759737,
      "p90": 3746.564508008305,
      "p99": 3980.985172005603
    }
  }
}